{
	"display": {
		"icon": {
			"id": "minecraft:water_bucket"
		},
		"title": {"translate":"Scuba Gear"},
		"description": {"color":"#75E1FF","translate":"Obtain every water related enchantment"},
		"announce_to_chat": true,
		"frame": "goal"
	},
	"parent": "blazeandcave:enchanting/knocking_your_socks_off",
	"rewards": {
		"function": "bc_rewards:enchanting/scuba_gear"
	},			
	"criteria": {
		"respiration": {
			"trigger": "minecraft:inventory_changed",
			"conditions": {
				"items": [
					{
						"predicates": {
							"enchantments": [
								{
									"enchantments": "minecraft:respiration"
								}
							]
						}
					}
				]
			}
		},
		"aqua_affinity": {
			"trigger": "minecraft:inventory_changed",
			"conditions": {
				"items": [
					{
						"predicates": {
							"enchantments": [
								{
									"enchantments": "minecraft:aqua_affinity"
								}
							]
						}
					}
				]
			}
		},
		"depth_strider": {
			"trigger": "minecraft:inventory_changed",
			"conditions": {
				"items": [
					{
						"predicates": {
							"enchantments": [
								{
									"enchantments": "minecraft:depth_strider"
								}
							]
						}
					}
				]
			}
		},
		"respiration_book": {
			"trigger": "minecraft:inventory_changed",
			"conditions": {
				"items": [
					{
						"predicates": {
							"stored_enchantments": [
								{
									"enchantments": "minecraft:respiration"
								}
							]
						}
					}
				]
			}
		},
		"aqua_affinity_book": {
			"trigger": "minecraft:inventory_changed",
			"conditions": {
				"items": [
					{
						"predicates": {
							"stored_enchantments": [
								{
									"enchantments": "minecraft:aqua_affinity"
								}
							]
						}
					}
				]
			}
		},
		"depth_strider_book": {
			"trigger": "minecraft:inventory_changed",
			"conditions": {
				"items": [
					{
						"predicates": {
							"stored_enchantments": [
								{
									"enchantments": "minecraft:depth_strider"
								}
							]
						}
					}
				]
			}
		}
	},	
	"requirements": [
		[
			"respiration",
			"respiration_book"
		],
		[
			"aqua_affinity",
			"aqua_affinity_book"
		],
		[
			"depth_strider",
			"depth_strider_book"
		]
	]
}