{
    "type": "minecraft:entity",
    "pools": [
      {
        "rolls": 1,
        "entries": [
          {
            "type": "minecraft:item",
            "name": "minecraft:player_head",
            "weight": 1,
            "functions": [
              {
                "function": "minecraft:set_count",
                "count": 1
              },
              {
                "function": "minecraft:set_components",
                "components": {
                  "minecraft:profile": {
                    "id": [
                      -445027700,
                      -1766898561,
                      -1124570289,
                      1608821043
                    ],
                    "properties": [
                      {
                        "name": "textures",
                        "value": "eyJ0ZXh0dXJlcyI6eyJTS0lOIjp7InVybCI6Imh0dHA6Ly90ZXh0dXJlcy5taW5lY3JhZnQubmV0L3RleHR1cmUvOTg1MmIzM2JhMjk0ZjU2MDA5MDc1MmQxMTNmZTcyOGNiYzdkZDA0MjAyOWEzOGQ1MzgyZDY1YTIxNDYwNjhiNyJ9fX0="
                      }
                    ]
                  }
                }
              },
              {
                "function": "minecraft:set_name",
                "name": {
                  "translate": "entity.minecraft.armadillo",
                  "color": "yellow",
                  "italic": false,
                  "extra": [
                    {
                      "text": " Head"
                    }
                  ]
                }
              },
              {
                "function": "minecraft:set_components",
                "components": {
                  "minecraft:note_block_sound": "minecraft:entity.armadillo.ambient"
                }
              }
            ],
            "conditions": [
              {
                "condition": "minecraft:random_chance",
                "chance": 0.3
              },
              {
                "condition": "minecraft:entity_scores",
                "entity": "this",
                "scores": {
                  "head_drops.mob_heads": 1
                }
              }
            ]
          }
        ]
      },
      {
        "rolls": 1,
        "entries": [
          {
            "type": "minecraft:item",
            "name": "minecraft:player_head",
            "weight": 1,
            "functions": [
              {
                "function": "minecraft:set_count",
                "count": 1
              },
              {
                "function": "minecraft:set_components",
                "components": {
                  "minecraft:profile": {
                    "id": [
                      -445027700,
                      -1766898561,
                      -1124570289,
                      1608821043
                    ],
                    "properties": [
                      {
                        "name": "textures",
                        "value": "eyJ0ZXh0dXJlcyI6eyJTS0lOIjp7InVybCI6Imh0dHA6Ly90ZXh0dXJlcy5taW5lY3JhZnQubmV0L3RleHR1cmUvOTg1MmIzM2JhMjk0ZjU2MDA5MDc1MmQxMTNmZTcyOGNiYzdkZDA0MjAyOWEzOGQ1MzgyZDY1YTIxNDYwNjhiNyJ9fX0="
                      }
                    ]
                  }
                }
              },
              {
                "function": "minecraft:set_name",
                "name": {
                  "translate": "entity.minecraft.armadillo",
                  "color": "yellow",
                  "italic": false,
                  "extra": [
                    {
                      "text": " Head"
                    }
                  ]
                }
              },
              {
                "function": "minecraft:set_components",
                "components": {
                  "minecraft:note_block_sound": "minecraft:entity.armadillo.ambient"
                }
              }
            ],
            "conditions": [
              {
                "condition": "minecraft:random_chance",
                "chance": 0.3
              },
              {
                "condition": "minecraft:entity_scores",
                "entity": "this",
                "scores": {
                  "head_drops.mob_heads": 2
                }
              },
              {
                "condition": "minecraft:killed_by_player"
              }
            ]
          }
        ]
      }
    ],
    "random_sequence": "minecraft:entities/armadillo"
  }
  