{
  "type": "minecraft:entity",
  "pools": [
    {
      "rolls": 1,
      "entries": [
        {
          "type": "minecraft:item",
          "name": "minecraft:player_head",
          "weight": 1,
          "functions": [
            {
              "function": "minecraft:set_count",
              "count": 1
            },
            {
              "function": "minecraft:set_components",
              "components": {
                "minecraft:profile": {
                  "id": [
                    1647954484,
                    207572712,
                    -1325553647,
                    740374672
                  ],
                  "properties": [
                    {
                      "name": "textures",
                      "value": "eyJ0ZXh0dXJlcyI6eyJTS0lOIjp7InVybCI6Imh0dHA6Ly90ZXh0dXJlcy5taW5lY3JhZnQubmV0L3RleHR1cmUvM2U2OGRjNTlkYmU3NjdhNTI4MzE2NGUzYzk0YWNjMTRiYWRkMzRhODU3Y2VjMWE2YzlmMjZhMjhjZWQyOWM4MyJ9fX0="
                    }
                  ]
                }
              }
            },
            {
              "function": "minecraft:set_name",
              "name": {
                "translate": "entity.minecraft.axolotl",
                "color": "aqua",
                "italic": false,
                "extra": [
                  {
                    "text": " Head (Blue)"
                  }
                ]
              }
            },
            {
              "function": "minecraft:set_components",
              "components": {
                "minecraft:note_block_sound": "minecraft:entity.axolotl.idle_air"
              }
            }
          ],
          "conditions": [
            {
              "condition": "minecraft:random_chance",
              "chance": 0.95
            },
            {
              "condition": "minecraft:entity_properties",
              "entity": "this",
              "predicate": {
                "type_specific": {
                  "type": "minecraft:axolotl",
                  "variant": "blue"
                }
              }
            },
            {
              "condition": "minecraft:entity_scores",
              "entity": "this",
              "scores": {
                "head_drops.mob_heads": 1
              }
            }
          ]
        }
      ]
    },
    {
      "rolls": 1,
      "entries": [
        {
          "type": "minecraft:item",
          "name": "minecraft:player_head",
          "weight": 1,
          "functions": [
            {
              "function": "minecraft:set_count",
              "count": 1
            },
            {
              "function": "minecraft:set_components",
              "components": {
                "minecraft:profile": {
                  "id": [
                    -270417045,
                    523387817,
                    -1225626442,
                    -629593831
                  ],
                  "properties": [
                    {
                      "name": "textures",
                      "value": "eyJ0ZXh0dXJlcyI6eyJTS0lOIjp7InVybCI6Imh0dHA6Ly90ZXh0dXJlcy5taW5lY3JhZnQubmV0L3RleHR1cmUvZDU0M2JmYTRlYTIzMzQ2NjdiNmFiZmU0MGQ4NTJlY2Y1NWY4NTA2YTljMGM1YWQ4ZGQxZTczMmY1OGQ5YzZjMyJ9fX0="
                    }
                  ]
                }
              }
            },
            {
              "function": "minecraft:set_name",
              "name": {
                "translate": "entity.minecraft.axolotl",
                "color": "aqua",
                "italic": false,
                "extra": [
                  {
                    "text": " Head (Cyan)"
                  }
                ]
              }
            },
            {
              "function": "minecraft:set_components",
              "components": {
                "minecraft:note_block_sound": "minecraft:entity.axolotl.idle_air"
              }
            }
          ],
          "conditions": [
            {
              "condition": "minecraft:random_chance",
              "chance": 0.5
            },
            {
              "condition": "minecraft:entity_properties",
              "entity": "this",
              "predicate": {
                "type_specific": {
                  "type": "minecraft:axolotl",
                  "variant": "cyan"
                }
              }
            },
            {
              "condition": "minecraft:entity_scores",
              "entity": "this",
              "scores": {
                "head_drops.mob_heads": 1
              }
            }
          ]
        }
      ]
    },
    {
      "rolls": 1,
      "entries": [
        {
          "type": "minecraft:item",
          "name": "minecraft:player_head",
          "weight": 1,
          "functions": [
            {
              "function": "minecraft:set_count",
              "count": 1
            },
            {
              "function": "minecraft:set_components",
              "components": {
                "minecraft:profile": {
                  "id": [
                    1269302341,
                    1053771813,
                    -1867594777,
                    -2123870204
                  ],
                  "properties": [
                    {
                      "name": "textures",
                      "value": "eyJ0ZXh0dXJlcyI6eyJTS0lOIjp7InVybCI6Imh0dHA6Ly90ZXh0dXJlcy5taW5lY3JhZnQubmV0L3RleHR1cmUvZTE3ZjhlNThhZGY4ZTFjNWVkZTQ1MGQyMjM1Y2ZmNjEyZmMxNmM0Yjc0NDkwYTBlN2RiZDU5MzBiOGM4M2U3ZiJ9fX0="
                    }
                  ]
                }
              }
            },
            {
              "function": "minecraft:set_name",
              "name": {
                "translate": "entity.minecraft.axolotl",
                "color": "aqua",
                "italic": false,
                "extra": [
                  {
                    "text": " Head (Gold)"
                  }
                ]
              }
            },
            {
              "function": "minecraft:set_components",
              "components": {
                "minecraft:note_block_sound": "minecraft:entity.axolotl.idle_air"
              }
            }
          ],
          "conditions": [
            {
              "condition": "minecraft:random_chance",
              "chance": 0.5
            },
            {
              "condition": "minecraft:entity_properties",
              "entity": "this",
              "predicate": {
                "type_specific": {
                  "type": "minecraft:axolotl",
                  "variant": "gold"
                }
              }
            },
            {
              "condition": "minecraft:entity_scores",
              "entity": "this",
              "scores": {
                "head_drops.mob_heads": 1
              }
            }
          ]
        }
      ]
    },
    {
      "rolls": 1,
      "entries": [
        {
          "type": "minecraft:item",
          "name": "minecraft:player_head",
          "weight": 1,
          "functions": [
            {
              "function": "minecraft:set_count",
              "count": 1
            },
            {
              "function": "minecraft:set_components",
              "components": {
                "minecraft:profile": {
                  "id": [
                    1820228223,
                    -2110305782,
                    -1699672485,
                    -136273793
                  ],
                  "properties": [
                    {
                      "name": "textures",
                      "value": "eyJ0ZXh0dXJlcyI6eyJTS0lOIjp7InVybCI6Imh0dHA6Ly90ZXh0dXJlcy5taW5lY3JhZnQubmV0L3RleHR1cmUvOGRiMjJhMGVhNjJkNWQyMjg2N2Q4NTJkMDFkMzk2MTc3YjdhMGQ2M2UxOGNkYzVlMjlhYjM5ZjUyNDljNTA3NCJ9fX0="
                    }
                  ]
                }
              }
            },
            {
              "function": "minecraft:set_name",
              "name": {
                "translate": "entity.minecraft.axolotl",
                "color": "aqua",
                "italic": false,
                "extra": [
                  {
                    "text": " Head (Wild)"
                  }
                ]
              }
            },
            {
              "function": "minecraft:set_components",
              "components": {
                "minecraft:note_block_sound": "minecraft:entity.axolotl.idle_air"
              }
            }
          ],
          "conditions": [
            {
              "condition": "minecraft:random_chance",
              "chance": 0.5
            },
            {
              "condition": "minecraft:entity_properties",
              "entity": "this",
              "predicate": {
                "type_specific": {
                  "type": "minecraft:axolotl",
                  "variant": "wild"
                }
              }
            },
            {
              "condition": "minecraft:entity_scores",
              "entity": "this",
              "scores": {
                "head_drops.mob_heads": 1
              }
            }
          ]
        }
      ]
    },
    {
      "rolls": 1,
      "entries": [
        {
          "type": "minecraft:item",
          "name": "minecraft:player_head",
          "weight": 1,
          "functions": [
            {
              "function": "minecraft:set_count",
              "count": 1
            },
            {
              "function": "minecraft:set_components",
              "components": {
                "minecraft:profile": {
                  "id": [
                    -894503094,
                    127615754,
                    -1455150663,
                    -1278500835
                  ],
                  "properties": [
                    {
                      "name": "textures",
                      "value": "eyJ0ZXh0dXJlcyI6eyJTS0lOIjp7InVybCI6Imh0dHA6Ly90ZXh0dXJlcy5taW5lY3JhZnQubmV0L3RleHR1cmUvN2I5MTBmYmMyMTZmNzI0ZDI5NjU1MTU1YjJhMzg1OGE4MGYyMzRhMGNmZWQ2MDllMjJmYzY3MDY4M2FiNzc3YSJ9fX0="
                    }
                  ]
                }
              }
            },
            {
              "function": "minecraft:set_name",
              "name": {
                "translate": "entity.minecraft.axolotl",
                "color": "aqua",
                "italic": false,
                "extra": [
                  {
                    "text": " Head (Lucy)"
                  }
                ]
              }
            },
            {
              "function": "minecraft:set_components",
              "components": {
                "minecraft:note_block_sound": "minecraft:entity.axolotl.idle_air"
              }
            }
          ],
          "conditions": [
            {
              "condition": "minecraft:random_chance",
              "chance": 0.5
            },
            {
              "condition": "minecraft:entity_properties",
              "entity": "this",
              "predicate": {
                "type_specific": {
                  "type": "minecraft:axolotl",
                  "variant": "lucy"
                }
              }
            },
            {
              "condition": "minecraft:entity_scores",
              "entity": "this",
              "scores": {
                "head_drops.mob_heads": 1
              }
            }
          ]
        }
      ]
    },
    {
      "rolls": 1,
      "entries": [
        {
          "type": "minecraft:item",
          "name": "minecraft:player_head",
          "weight": 1,
          "functions": [
            {
              "function": "minecraft:set_count",
              "count": 1
            },
            {
              "function": "minecraft:set_components",
              "components": {
                "minecraft:profile": {
                  "id": [
                    1647954484,
                    207572712,
                    -1325553647,
                    740374672
                  ],
                  "properties": [
                    {
                      "name": "textures",
                      "value": "eyJ0ZXh0dXJlcyI6eyJTS0lOIjp7InVybCI6Imh0dHA6Ly90ZXh0dXJlcy5taW5lY3JhZnQubmV0L3RleHR1cmUvM2U2OGRjNTlkYmU3NjdhNTI4MzE2NGUzYzk0YWNjMTRiYWRkMzRhODU3Y2VjMWE2YzlmMjZhMjhjZWQyOWM4MyJ9fX0="
                    }
                  ]
                }
              }
            },
            {
              "function": "minecraft:set_name",
              "name": {
                "translate": "entity.minecraft.axolotl",
                "color": "aqua",
                "italic": false,
                "extra": [
                  {
                    "text": " Head (Blue)"
                  }
                ]
              }
            },
            {
              "function": "minecraft:set_components",
              "components": {
                "minecraft:note_block_sound": "minecraft:entity.axolotl.idle_air"
              }
            }
          ],
          "conditions": [
            {
              "condition": "minecraft:random_chance",
              "chance": 0.95
            },
            {
              "condition": "minecraft:entity_properties",
              "entity": "this",
              "predicate": {
                "type_specific": {
                  "type": "minecraft:axolotl",
                  "variant": "blue"
                }
              }
            },
              {
                "condition": "minecraft:entity_scores",
                "entity": "this",
                "scores": {
                  "head_drops.mob_heads": 2
                }
              },
              {
                "condition": "minecraft:killed_by_player"
              }
          ]
        }
      ]
    },
    {
      "rolls": 1,
      "entries": [
        {
          "type": "minecraft:item",
          "name": "minecraft:player_head",
          "weight": 1,
          "functions": [
            {
              "function": "minecraft:set_count",
              "count": 1
            },
            {
              "function": "minecraft:set_components",
              "components": {
                "minecraft:profile": {
                  "id": [
                    -270417045,
                    523387817,
                    -1225626442,
                    -629593831
                  ],
                  "properties": [
                    {
                      "name": "textures",
                      "value": "eyJ0ZXh0dXJlcyI6eyJTS0lOIjp7InVybCI6Imh0dHA6Ly90ZXh0dXJlcy5taW5lY3JhZnQubmV0L3RleHR1cmUvZDU0M2JmYTRlYTIzMzQ2NjdiNmFiZmU0MGQ4NTJlY2Y1NWY4NTA2YTljMGM1YWQ4ZGQxZTczMmY1OGQ5YzZjMyJ9fX0="
                    }
                  ]
                }
              }
            },
            {
              "function": "minecraft:set_name",
              "name": {
                "translate": "entity.minecraft.axolotl",
                "color": "aqua",
                "italic": false,
                "extra": [
                  {
                    "text": " Head (Cyan)"
                  }
                ]
              }
            },
            {
              "function": "minecraft:set_components",
              "components": {
                "minecraft:note_block_sound": "minecraft:entity.axolotl.idle_air"
              }
            }
          ],
          "conditions": [
            {
              "condition": "minecraft:random_chance",
              "chance": 0.5
            },
            {
              "condition": "minecraft:entity_properties",
              "entity": "this",
              "predicate": {
                "type_specific": {
                  "type": "minecraft:axolotl",
                  "variant": "cyan"
                }
              }
            },
              {
                "condition": "minecraft:entity_scores",
                "entity": "this",
                "scores": {
                  "head_drops.mob_heads": 2
                }
              },
              {
                "condition": "minecraft:killed_by_player"
              }
          ]
        }
      ]
    },
    {
      "rolls": 1,
      "entries": [
        {
          "type": "minecraft:item",
          "name": "minecraft:player_head",
          "weight": 1,
          "functions": [
            {
              "function": "minecraft:set_count",
              "count": 1
            },
            {
              "function": "minecraft:set_components",
              "components": {
                "minecraft:profile": {
                  "id": [
                    1269302341,
                    1053771813,
                    -1867594777,
                    -2123870204
                  ],
                  "properties": [
                    {
                      "name": "textures",
                      "value": "eyJ0ZXh0dXJlcyI6eyJTS0lOIjp7InVybCI6Imh0dHA6Ly90ZXh0dXJlcy5taW5lY3JhZnQubmV0L3RleHR1cmUvZTE3ZjhlNThhZGY4ZTFjNWVkZTQ1MGQyMjM1Y2ZmNjEyZmMxNmM0Yjc0NDkwYTBlN2RiZDU5MzBiOGM4M2U3ZiJ9fX0="
                    }
                  ]
                }
              }
            },
            {
              "function": "minecraft:set_name",
              "name": {
                "translate": "entity.minecraft.axolotl",
                "color": "aqua",
                "italic": false,
                "extra": [
                  {
                    "text": " Head (Gold)"
                  }
                ]
              }
            },
            {
              "function": "minecraft:set_components",
              "components": {
                "minecraft:note_block_sound": "minecraft:entity.axolotl.idle_air"
              }
            }
          ],
          "conditions": [
            {
              "condition": "minecraft:random_chance",
              "chance": 0.5
            },
            {
              "condition": "minecraft:entity_properties",
              "entity": "this",
              "predicate": {
                "type_specific": {
                  "type": "minecraft:axolotl",
                  "variant": "gold"
                }
              }
            },
              {
                "condition": "minecraft:entity_scores",
                "entity": "this",
                "scores": {
                  "head_drops.mob_heads": 2
                }
              },
              {
                "condition": "minecraft:killed_by_player"
              }
          ]
        }
      ]
    },
    {
      "rolls": 1,
      "entries": [
        {
          "type": "minecraft:item",
          "name": "minecraft:player_head",
          "weight": 1,
          "functions": [
            {
              "function": "minecraft:set_count",
              "count": 1
            },
            {
              "function": "minecraft:set_components",
              "components": {
                "minecraft:profile": {
                  "id": [
                    1820228223,
                    -2110305782,
                    -1699672485,
                    -136273793
                  ],
                  "properties": [
                    {
                      "name": "textures",
                      "value": "eyJ0ZXh0dXJlcyI6eyJTS0lOIjp7InVybCI6Imh0dHA6Ly90ZXh0dXJlcy5taW5lY3JhZnQubmV0L3RleHR1cmUvOGRiMjJhMGVhNjJkNWQyMjg2N2Q4NTJkMDFkMzk2MTc3YjdhMGQ2M2UxOGNkYzVlMjlhYjM5ZjUyNDljNTA3NCJ9fX0="
                    }
                  ]
                }
              }
            },
            {
              "function": "minecraft:set_name",
              "name": {
                "translate": "entity.minecraft.axolotl",
                "color": "aqua",
                "italic": false,
                "extra": [
                  {
                    "text": " Head (Wild)"
                  }
                ]
              }
            },
            {
              "function": "minecraft:set_components",
              "components": {
                "minecraft:note_block_sound": "minecraft:entity.axolotl.idle_air"
              }
            }
          ],
          "conditions": [
            {
              "condition": "minecraft:random_chance",
              "chance": 0.5
            },
            {
              "condition": "minecraft:entity_properties",
              "entity": "this",
              "predicate": {
                "type_specific": {
                  "type": "minecraft:axolotl",
                  "variant": "wild"
                }
              }
            },
              {
                "condition": "minecraft:entity_scores",
                "entity": "this",
                "scores": {
                  "head_drops.mob_heads": 2
                }
              },
              {
                "condition": "minecraft:killed_by_player"
              }
          ]
        }
      ]
    },
    {
      "rolls": 1,
      "entries": [
        {
          "type": "minecraft:item",
          "name": "minecraft:player_head",
          "weight": 1,
          "functions": [
            {
              "function": "minecraft:set_count",
              "count": 1
            },
            {
              "function": "minecraft:set_components",
              "components": {
                "minecraft:profile": {
                  "id": [
                    -894503094,
                    127615754,
                    -1455150663,
                    -1278500835
                  ],
                  "properties": [
                    {
                      "name": "textures",
                      "value": "eyJ0ZXh0dXJlcyI6eyJTS0lOIjp7InVybCI6Imh0dHA6Ly90ZXh0dXJlcy5taW5lY3JhZnQubmV0L3RleHR1cmUvN2I5MTBmYmMyMTZmNzI0ZDI5NjU1MTU1YjJhMzg1OGE4MGYyMzRhMGNmZWQ2MDllMjJmYzY3MDY4M2FiNzc3YSJ9fX0="
                    }
                  ]
                }
              }
            },
            {
              "function": "minecraft:set_name",
              "name": {
                "translate": "entity.minecraft.axolotl",
                "color": "aqua",
                "italic": false,
                "extra": [
                  {
                    "text": " Head (Lucy)"
                  }
                ]
              }
            },
            {
              "function": "minecraft:set_components",
              "components": {
                "minecraft:note_block_sound": "minecraft:entity.axolotl.idle_air"
              }
            }
          ],
          "conditions": [
            {
              "condition": "minecraft:random_chance",
              "chance": 0.5
            },
            {
              "condition": "minecraft:entity_properties",
              "entity": "this",
              "predicate": {
                "type_specific": {
                  "type": "minecraft:axolotl",
                  "variant": "lucy"
                }
              }
            },
            {
              "condition": "minecraft:entity_scores",
              "entity": "this",
              "scores": {
                "head_drops.mob_heads": 2
              }
            },
            {
              "condition": "minecraft:killed_by_player"
            }
          ]
        }
      ]
    }
  ]
}

