{
  "type": "minecraft:entity",
  "pools": [
    {
      "bonus_rolls": 0.0,
      "conditions": [
        {
          "condition": "minecraft:killed_by_player"
        }
      ],
      "entries": [
        {
          "type": "minecraft:item",
          "functions": [
            {
              "add": false,
              "count": {
                "type": "minecraft:uniform",
                "max": 1.0,
                "min": 0.0
              },
              "function": "minecraft:set_count"
            },
            {
              "count": {
                "type": "minecraft:uniform",
                "max": 1.0,
                "min": 0.0
              },
              "enchantment": "minecraft:looting",
              "function": "minecraft:enchanted_count_increase"
            }
          ],
          "name": "minecraft:blaze_rod"
        }
      ],
      "rolls": 1.0
    },
    {
      "rolls": 1,
      "entries": [
        {
          "type": "minecraft:item",
          "name": "minecraft:player_head",
          "weight": 1,
          "functions": [
            {
              "function": "minecraft:set_count",
              "count": 1
            },
            {
              "function": "minecraft:set_components",
              "components": {
                "minecraft:profile": {
                  "id": [
                    -545139939,
                    -2011543045,
                    -1075025684,
                    1554734973
                  ],
                  "properties": [
                    {
                      "name": "textures",
                      "value": "eyJ0ZXh0dXJlcyI6eyJTS0lOIjp7InVybCI6Imh0dHA6Ly90ZXh0dXJlcy5taW5lY3JhZnQubmV0L3RleHR1cmUvYjIwNjU3ZTI0YjU2ZTFiMmY4ZmMyMTlkYTFkZTc4OGMwYzI0ZjM2Mzg4YjFhNDA5ZDBjZDJkOGRiYTQ0YWEzYiJ9fX0="
                    }
                  ]
                }
              }
            },
            {
              "function": "minecraft:set_name",
              "name": {
                "translate": "entity.minecraft.blaze",
                "color": "white",
                "italic": false,
                "extra": [
                  {
                    "text": " Head"
                  }
                ]
              }
            },
            {
              "function": "minecraft:set_components",
              "components": {
                "minecraft:note_block_sound": "minecraft:entity.blaze.ambient"
              }
            }
          ],
          "conditions": [
            {
              "condition": "minecraft:random_chance",
              "chance": 0.02
            },
            {
              "condition": "minecraft:entity_scores",
              "entity": "this",
              "scores": {
                "head_drops.mob_heads": 1
              }
            }
          ]
        }
      ]
    },
    {
      "rolls": 1,
      "entries": [
        {
          "type": "minecraft:item",
          "name": "minecraft:player_head",
          "weight": 1,
          "functions": [
            {
              "function": "minecraft:set_count",
              "count": 1
            },
            {
              "function": "minecraft:set_components",
              "components": {
                "minecraft:profile": {
                  "id": [
                    -545139939,
                    -2011543045,
                    -1075025684,
                    1554734973
                  ],
                  "properties": [
                    {
                      "name": "textures",
                      "value": "eyJ0ZXh0dXJlcyI6eyJTS0lOIjp7InVybCI6Imh0dHA6Ly90ZXh0dXJlcy5taW5lY3JhZnQubmV0L3RleHR1cmUvYjIwNjU3ZTI0YjU2ZTFiMmY4ZmMyMTlkYTFkZTc4OGMwYzI0ZjM2Mzg4YjFhNDA5ZDBjZDJkOGRiYTQ0YWEzYiJ9fX0="
                    }
                  ]
                }
              }
            },
            {
              "function": "minecraft:set_name",
              "name": {
                "translate": "entity.minecraft.blaze",
                "color": "white",
                "italic": false,
                "extra": [
                  {
                    "text": " Head"
                  }
                ]
              }
            },
            {
              "function": "minecraft:set_components",
              "components": {
                "minecraft:note_block_sound": "minecraft:entity.blaze.ambient"
              }
            }
          ],
          "conditions": [
            {
              "condition": "minecraft:random_chance",
              "chance": 0.02
            },
            {
              "condition": "minecraft:entity_scores",
              "entity": "this",
              "scores": {
                "head_drops.mob_heads": 2
              }
            },
            {
              "condition": "minecraft:killed_by_player"
            }
          ]
        }
      ]
    }
  ],
  "random_sequence": "minecraft:entities/blaze"
}