{
  "type": "minecraft:entity",
  "pools": [
    {
      "bonus_rolls": 0.0,
      "entries": [
        {
          "type": "minecraft:item",
          "functions": [
            {
              "add": false,
              "count": {
                "type": "minecraft:uniform",
                "max": 2.0,
                "min": 0.0
              },
              "function": "minecraft:set_count"
            },
            {
              "count": {
                "type": "minecraft:uniform",
                "max": 1.0,
                "min": 0.0
              },
              "enchantment": "minecraft:looting",
              "function": "minecraft:enchanted_count_increase"
            }
          ],
          "name": "minecraft:rotten_flesh"
        }
      ],
      "rolls": 1.0
    },
    {
      "bonus_rolls": 0.0,
      "conditions": [
        {
          "condition": "minecraft:killed_by_player"
        },
        {
          "condition": "minecraft:random_chance_with_enchanted_bonus",
          "enchanted_chance": {
            "type": "minecraft:linear",
            "base": 0.13,
            "per_level_above_first": 0.02
          },
          "enchantment": "minecraft:looting",
          "unenchanted_chance": 0.11
        }
      ],
      "entries": [
        {
          "type": "minecraft:item",
          "name": "minecraft:copper_ingot"
        }
      ],
      "rolls": 1.0
    },
    {
      "rolls": 1,
      "entries": [
        {
          "type": "minecraft:item",
          "name": "minecraft:player_head",
          "weight": 1,
          "functions": [
            {
              "function": "minecraft:set_count",
              "count": 1
            },
            {
              "function": "minecraft:set_components",
              "components": {
                "minecraft:profile": {
                  "id": [
                    -1943150917,
                    724453901,
                    -1528537058,
                    1492972198
                  ],
                  "properties": [
                    {
                      "name": "textures",
                      "value": "eyJ0ZXh0dXJlcyI6eyJTS0lOIjp7InVybCI6Imh0dHA6Ly90ZXh0dXJlcy5taW5lY3JhZnQubmV0L3RleHR1cmUvYzg0ZGY3OWM0OTEwNGIxOThjZGFkNmQ5OWZkMGQwYmNmMTUzMWM5MmQ0YWI2MjY5ZTQwYjdkM2NiYmI4ZTk4YyJ9fX0="
                    }
                  ]
                }
              }
            },
            {
              "function": "minecraft:set_name",
              "name": {
                "translate": "entity.minecraft.drowned",
                "color": "white",
                "italic": false,
                "extra": [
                  {
                    "text": " Head"
                  }
                ]
              }
            },
            {
              "function": "minecraft:set_components",
              "components": {
                "minecraft:note_block_sound": "minecraft:entity.drowned.ambient"
              }
            }
          ],
          "conditions": [
            {
              "condition": "minecraft:random_chance",
              "chance": 0.02
            },
            {
              "condition": "minecraft:entity_scores",
              "entity": "this",
              "scores": {
                "head_drops.mob_heads": 1
              }
            }
          ]
        }
      ]
    },
    {
      "rolls": 1,
      "entries": [
        {
          "type": "minecraft:item",
          "name": "minecraft:player_head",
          "weight": 1,
          "functions": [
            {
              "function": "minecraft:set_count",
              "count": 1
            },
            {
              "function": "minecraft:set_components",
              "components": {
                "minecraft:profile": {
                  "id": [
                    -1943150917,
                    724453901,
                    -1528537058,
                    1492972198
                  ],
                  "properties": [
                    {
                      "name": "textures",
                      "value": "eyJ0ZXh0dXJlcyI6eyJTS0lOIjp7InVybCI6Imh0dHA6Ly90ZXh0dXJlcy5taW5lY3JhZnQubmV0L3RleHR1cmUvYzg0ZGY3OWM0OTEwNGIxOThjZGFkNmQ5OWZkMGQwYmNmMTUzMWM5MmQ0YWI2MjY5ZTQwYjdkM2NiYmI4ZTk4YyJ9fX0="
                    }
                  ]
                }
              }
            },
            {
              "function": "minecraft:set_name",
              "name": {
                "translate": "entity.minecraft.drowned",
                "color": "white",
                "italic": false,
                "extra": [
                  {
                    "text": " Head"
                  }
                ]
              }
            },
            {
              "function": "minecraft:set_components",
              "components": {
                "minecraft:note_block_sound": "minecraft:entity.drowned.ambient"
              }
            }
          ],
          "conditions": [
            {
              "condition": "minecraft:random_chance",
              "chance": 0.02
            },
              {
                "condition": "minecraft:entity_scores",
                "entity": "this",
                "scores": {
                  "head_drops.mob_heads": 2
                }
              },
              {
                "condition": "minecraft:killed_by_player"
              }
          ]
        }
      ]
    }
  ],
  "random_sequence": "minecraft:entities/drowned"
}