{
  "type": "minecraft:entity",
  "pools": [
    {
      "bonus_rolls": 0.0,
      "entries": [
        {
          "type": "minecraft:item",
          "conditions": [
            {
              "condition": "minecraft:inverted",
              "term": {
                "condition": "minecraft:damage_source_properties",
                "predicate": {
                  "source_entity": {
                    "type": "minecraft:frog"
                  }
                }
              }
            },
            {
              "condition": "minecraft:entity_properties",
              "entity": "this",
              "predicate": {
                "type_specific": {
                  "type": "minecraft:slime",
                  "size": {
                    "min": 2
                  }
                }
              }
            }
          ],
          "functions": [
            {
              "add": false,
              "count": {
                "type": "minecraft:uniform",
                "max": 1.0,
                "min": -2.0
              },
              "function": "minecraft:set_count"
            },
            {
              "count": {
                "type": "minecraft:uniform",
                "max": 1.0,
                "min": 0.0
              },
              "enchantment": "minecraft:looting",
              "function": "minecraft:enchanted_count_increase"
            }
          ],
          "name": "minecraft:magma_cream"
        },
        {
          "type": "minecraft:item",
          "conditions": [
            {
              "condition": "minecraft:damage_source_properties",
              "predicate": {
                "source_entity": {
                  "type": "minecraft:frog",
                  "type_specific": {
                    "type": "minecraft:frog",
                    "variant": "minecraft:warm"
                  }
                }
              }
            }
          ],
          "functions": [
            {
              "add": false,
              "count": 1.0,
              "function": "minecraft:set_count"
            }
          ],
          "name": "minecraft:pearlescent_froglight"
        },
        {
          "type": "minecraft:item",
          "conditions": [
            {
              "condition": "minecraft:damage_source_properties",
              "predicate": {
                "source_entity": {
                  "type": "minecraft:frog",
                  "type_specific": {
                    "type": "minecraft:frog",
                    "variant": "minecraft:cold"
                  }
                }
              }
            }
          ],
          "functions": [
            {
              "add": false,
              "count": 1.0,
              "function": "minecraft:set_count"
            }
          ],
          "name": "minecraft:verdant_froglight"
        },
        {
          "type": "minecraft:item",
          "conditions": [
            {
              "condition": "minecraft:damage_source_properties",
              "predicate": {
                "source_entity": {
                  "type": "minecraft:frog",
                  "type_specific": {
                    "type": "minecraft:frog",
                    "variant": "minecraft:temperate"
                  }
                }
              }
            }
          ],
          "functions": [
            {
              "add": false,
              "count": 1.0,
              "function": "minecraft:set_count"
            }
          ],
          "name": "minecraft:ochre_froglight"
        }
      ],
      "rolls": 1.0
    },
    {
      "rolls": 1,
      "entries": [
        {
          "type": "minecraft:item",
          "name": "minecraft:player_head",
          "weight": 1,
          "functions": [
            {
              "function": "minecraft:set_count",
              "count": 1
            },
            {
              "function": "minecraft:set_components",
              "components": {
                "minecraft:profile": {
                  "id": [
                    -783380762,
                    -309113330,
                    -2006895573,
                    1994652983
                  ],
                  "properties": [
                    {
                      "name": "textures",
                      "value": "eyJ0ZXh0dXJlcyI6eyJTS0lOIjp7InVybCI6Imh0dHA6Ly90ZXh0dXJlcy5taW5lY3JhZnQubmV0L3RleHR1cmUvYTFjOTdhMDZlZmRlMDRkMDAyODdiZjIwNDE2NDA0YWIyMTAzZTEwZjA4NjIzMDg3ZTFiMGMxMjY0YTFjMGYwYyJ9fX0="
                    }
                  ]
                }
              }
            },
            {
              "function": "minecraft:set_name",
              "name": {
                "translate": "entity.minecraft.magma_cube",
                "color": "yellow",
                "italic": false,
                "extra": [
                  {
                    "text": " Head"
                  }
                ]
              }
            },
            {
            "function": "minecraft:set_components",
            "components": {
            "minecraft:note_block_sound": "minecraft:entity.magma_cube.death"
            }
            }
          ],
          "conditions": [
            {
              "condition": "minecraft:random_chance",
              "chance": 0.1
            },
            {
              "condition": "minecraft:entity_scores",
              "entity": "this",
              "scores": {
                "head_drops.mob_heads": 1
              }
            }
          ]
        }
      ]
    },
    {
      "rolls": 1,
      "entries": [
        {
          "type": "minecraft:item",
          "name": "minecraft:player_head",
          "weight": 1,
          "functions": [
            {
              "function": "minecraft:set_count",
              "count": 1
            },
            {
              "function": "minecraft:set_components",
              "components": {
                "minecraft:profile": {
                  "id": [
                    -783380762,
                    -309113330,
                    -2006895573,
                    1994652983
                  ],
                  "properties": [
                    {
                      "name": "textures",
                      "value": "eyJ0ZXh0dXJlcyI6eyJTS0lOIjp7InVybCI6Imh0dHA6Ly90ZXh0dXJlcy5taW5lY3JhZnQubmV0L3RleHR1cmUvYTFjOTdhMDZlZmRlMDRkMDAyODdiZjIwNDE2NDA0YWIyMTAzZTEwZjA4NjIzMDg3ZTFiMGMxMjY0YTFjMGYwYyJ9fX0="
                    }
                  ]
                }
              }
            },
            {
              "function": "minecraft:set_name",
              "name": {
                "translate": "entity.minecraft.magma_cube",
                "color": "yellow",
                "italic": false,
                "extra": [
                  {
                    "text": " Head"
                  }
                ]
              }
            },
            {
            "function": "minecraft:set_components",
            "components": {
            "minecraft:note_block_sound": "minecraft:entity.magma_cube.death"
            }
            }
          ],
          "conditions": [
            {
              "condition": "minecraft:random_chance",
              "chance": 0.1
            },
              {
                "condition": "minecraft:entity_scores",
                "entity": "this",
                "scores": {
                  "head_drops.mob_heads": 2
                }
              },
              {
                "condition": "minecraft:killed_by_player"
              }
          ]
        }
      ]
    }
  ],
  "random_sequence": "minecraft:entities/magma_cube"
}