{
  "type": "minecraft:entity",
  "pools": [
    {
      "bonus_rolls": 0.0,
      "entries": [
        {
          "type": "minecraft:item",
          "functions": [
            {
              "add": false,
              "count": {
                "type": "minecraft:uniform",
                "max": 2.0,
                "min": 1.0
              },
              "function": "minecraft:set_count"
            },
            {
              "count": {
                "type": "minecraft:uniform",
                "max": 1.0,
                "min": 0.0
              },
              "enchantment": "minecraft:looting",
              "function": "minecraft:enchanted_count_increase"
            }
          ],
          "name": "minecraft:feather"
        }
      ],
      "rolls": 1.0
    },
    {
      "rolls": 1,
      "entries": [
        {
          "type": "minecraft:item",
          "name": "minecraft:player_head",
          "weight": 1,
          "functions": [
            {
              "function": "minecraft:set_count",
              "count": 1
            },
            {
              "function": "minecraft:set_components",
              "components": {
                "minecraft:profile": {
                  "id": [
                    494666219,
                    329140497,
                    -1233730257,
                    32205190
                  ],
                  "properties": [
                    {
                      "name": "textures",
                      "value": "eyJ0ZXh0dXJlcyI6eyJTS0lOIjp7InVybCI6Imh0dHA6Ly90ZXh0dXJlcy5taW5lY3JhZnQubmV0L3RleHR1cmUvNWZjOWEzYjlkNTg3OWMyMTUwOTg0ZGJmZTU4OGNjMmU2MWZiMWRlMWU2MGZkMmE0NjlmNjlkZDRiNmY2YTk5MyJ9fX0="
                    }
                  ]
                }
              }
            },
            {
              "function": "minecraft:set_name",
              "name": {
                "translate": "entity.minecraft.parrot",
                "color": "aqua",
                "italic": false,
                "extra": [
                  {
                    "text": " Head (Green)"
                  }
                ]
              }
            },
            {
            "function": "minecraft:set_components",
            "components": {
            "minecraft:note_block_sound": "minecraft:entity.parrot.ambient"
            }
            }
          ],
          "conditions": [
            {
              "condition": "minecraft:random_chance",
              "chance": 0.7
            },
            {
              "condition": "minecraft:entity_properties",
              "entity": "this",
              "predicate": {
                "type_specific": {
                  "type": "minecraft:parrot",
                  "variant": "green"
                }
              }
            },
            {
              "condition": "minecraft:entity_scores",
              "entity": "this",
              "scores": {
                "head_drops.mob_heads": 1
              }
            }
          ]
        }
      ]
    },
    {
      "rolls": 1,
      "entries": [
        {
          "type": "minecraft:item",
          "name": "minecraft:player_head",
          "weight": 1,
          "functions": [
            {
              "function": "minecraft:set_count",
              "count": 1
            },
            {
              "function": "minecraft:set_components",
              "components": {
                "minecraft:profile": {
                  "id": [
                    972286240,
                    1450332040,
                    -1723774681,
                    3214066
                  ],
                  "properties": [
                    {
                      "name": "textures",
                      "value": "eyJ0ZXh0dXJlcyI6eyJTS0lOIjp7InVybCI6Imh0dHA6Ly90ZXh0dXJlcy5taW5lY3JhZnQubmV0L3RleHR1cmUvMjBlMDNiMTBjMTVlZTU2MDE0MjM4NjdkZmI4YmNiY2JjOTE5Y2E5NmMwZWVhNjMwNzNlYzhlNzk1ZWFiZDA1ZiJ9fX0="
                    }
                  ]
                }
              }
            },
            {
              "function": "minecraft:set_name",
              "name": {
                "translate": "entity.minecraft.parrot",
                "color": "aqua",
                "italic": false,
                "extra": [
                  {
                    "text": " Head (Blue)"
                  }
                ]
              }
            },
            {
            "function": "minecraft:set_components",
            "components": {
            "minecraft:note_block_sound": "minecraft:entity.parrot.ambient"
            }
            }
          ],
          "conditions": [
            {
              "condition": "minecraft:random_chance",
              "chance": 0.7
            },
            {
              "condition": "minecraft:entity_properties",
              "entity": "this",
              "predicate": {
                "type_specific": {
                  "type": "minecraft:parrot",
                  "variant": "blue"
                }
              }
            },
            {
              "condition": "minecraft:entity_scores",
              "entity": "this",
              "scores": {
                "head_drops.mob_heads": 1
              }
            }
          ]
        }
      ]
    },
    {
      "rolls": 1,
      "entries": [
        {
          "type": "minecraft:item",
          "name": "minecraft:player_head",
          "weight": 1,
          "functions": [
            {
              "function": "minecraft:set_count",
              "count": 1
            },
            {
              "function": "minecraft:set_components",
              "components": {
                "minecraft:profile": {
                  "id": [
                    -1989585566,
                    -378125309,
                    -1958902943,
                    -1670221508
                  ],
                  "properties": [
                    {
                      "name": "textures",
                      "value": "eyJ0ZXh0dXJlcyI6eyJTS0lOIjp7InVybCI6Imh0dHA6Ly90ZXh0dXJlcy5taW5lY3JhZnQubmV0L3RleHR1cmUvYTNjMzQ3MjJhYzY0NDk2YzliODRkMGM1NDAxOWRhYWU2MTg1ZDYwOTQ5OTAxMzNhZDY4MTBlZWEzZDI0MDY3YSJ9fX0="
                    }
                  ]
                }
              }
            },
            {
              "function": "minecraft:set_name",
              "name": {
                "translate": "entity.minecraft.parrot",
                "color": "aqua",
                "italic": false,
                "extra": [
                  {
                    "text": " Head (Gray)"
                  }
                ]
              }
            },
            {
            "function": "minecraft:set_components",
            "components": {
            "minecraft:note_block_sound": "minecraft:entity.parrot.ambient"
            }
            }
          ],
          "conditions": [
            {
              "condition": "minecraft:random_chance",
              "chance": 0.7
            },
            {
              "condition": "minecraft:entity_properties",
              "entity": "this",
              "predicate": {
                "type_specific": {
                  "type": "minecraft:parrot",
                  "variant": "gray"
                }
              }
            },
            {
              "condition": "minecraft:entity_scores",
              "entity": "this",
              "scores": {
                "head_drops.mob_heads": 1
              }
            }
          ]
        }
      ]
    },
    {
      "rolls": 1,
      "entries": [
        {
          "type": "minecraft:item",
          "name": "minecraft:player_head",
          "weight": 1,
          "functions": [
            {
              "function": "minecraft:set_count",
              "count": 1
            },
            {
              "function": "minecraft:set_components",
              "components": {
                "minecraft:profile": {
                  "id": [
                    -1296310145,
                    338054733,
                    -2042181906,
                    -371061496
                  ],
                  "properties": [
                    {
                      "name": "textures",
                      "value": "eyJ0ZXh0dXJlcyI6eyJTS0lOIjp7InVybCI6Imh0dHA6Ly90ZXh0dXJlcy5taW5lY3JhZnQubmV0L3RleHR1cmUvNWQxYTE2OGJjNzJjYjMxNGY3Yzg2ZmVlZjlkOWJjNzYxMjM2NTI0NGNlNjdmMGExMDRmY2UwNDIwMzQzMGMxZCJ9fX0="
                    }
                  ]
                }
              }
            },
            {
              "function": "minecraft:set_name",
              "name": {
                "translate": "entity.minecraft.parrot",
                "color": "aqua",
                "italic": false,
                "extra": [
                  {
                    "text": " Head (Red)"
                  }
                ]
              }
            },
            {
            "function": "minecraft:set_components",
            "components": {
            "minecraft:note_block_sound": "minecraft:entity.parrot.ambient"
            }
            }
          ],
          "conditions": [
            {
              "condition": "minecraft:random_chance",
              "chance": 0.7
            },
            {
              "condition": "minecraft:entity_properties",
              "entity": "this",
              "predicate": {
                "type_specific": {
                  "type": "minecraft:parrot",
                  "variant": "red_blue"
                }
              }
            },
            {
              "condition": "minecraft:entity_scores",
              "entity": "this",
              "scores": {
                "head_drops.mob_heads": 1
              }
            }
          ]
        }
      ]
    },
    {
      "rolls": 1,
      "entries": [
        {
          "type": "minecraft:item",
          "name": "minecraft:player_head",
          "weight": 1,
          "functions": [
            {
              "function": "minecraft:set_count",
              "count": 1
            },
            {
              "function": "minecraft:set_components",
              "components": {
                "minecraft:profile": {
                  "id": [
                    1435037557,
                    1914717286,
                    -1711661334,
                    1259399168
                  ],
                  "properties": [
                    {
                      "name": "textures",
                      "value": "eyJ0ZXh0dXJlcyI6eyJTS0lOIjp7InVybCI6Imh0dHA6Ly90ZXh0dXJlcy5taW5lY3JhZnQubmV0L3RleHR1cmUvYmM2NDcxZjIzNTQ3YjJkYmRmNjAzNDdlYTEyOGY4ZWIyYmFhNmE3OWIwNDAxNzI0ZjIzYmQ0ZTI1NjRhMmI2MSJ9fX0="
                    }
                  ]
                }
              }
            },
            {
              "function": "minecraft:set_name",
              "name": {
                "translate": "entity.minecraft.parrot",
                "color": "aqua",
                "italic": false,
                "extra": [
                  {
                    "text": " Head (Cyan)"
                  }
                ]
              }
            },
            {
            "function": "minecraft:set_components",
            "components": {
            "minecraft:note_block_sound": "minecraft:entity.parrot.ambient"
            }
            }
          ],
          "conditions": [
            {
              "condition": "minecraft:random_chance",
              "chance": 0.7
            },
            {
              "condition": "minecraft:entity_properties",
              "entity": "this",
              "predicate": {
                "type_specific": {
                  "type": "minecraft:parrot",
                  "variant": "yellow_blue"
                }
              }
            },
            {
              "condition": "minecraft:entity_scores",
              "entity": "this",
              "scores": {
                "head_drops.mob_heads": 1
              }
            }
          ]
        }
      ]
    },
    {
      "rolls": 1,
      "entries": [
        {
          "type": "minecraft:item",
          "name": "minecraft:player_head",
          "weight": 1,
          "functions": [
            {
              "function": "minecraft:set_count",
              "count": 1
            },
            {
              "function": "minecraft:set_components",
              "components": {
                "minecraft:profile": {
                  "id": [
                    494666219,
                    329140497,
                    -1233730257,
                    32205190
                  ],
                  "properties": [
                    {
                      "name": "textures",
                      "value": "eyJ0ZXh0dXJlcyI6eyJTS0lOIjp7InVybCI6Imh0dHA6Ly90ZXh0dXJlcy5taW5lY3JhZnQubmV0L3RleHR1cmUvNWZjOWEzYjlkNTg3OWMyMTUwOTg0ZGJmZTU4OGNjMmU2MWZiMWRlMWU2MGZkMmE0NjlmNjlkZDRiNmY2YTk5MyJ9fX0="
                    }
                  ]
                }
              }
            },
            {
              "function": "minecraft:set_name",
              "name": {
                "translate": "entity.minecraft.parrot",
                "color": "aqua",
                "italic": false,
                "extra": [
                  {
                    "text": " Head (Green)"
                  }
                ]
              }
            },
            {
            "function": "minecraft:set_components",
            "components": {
            "minecraft:note_block_sound": "minecraft:entity.parrot.ambient"
            }
            }
          ],
          "conditions": [
            {
              "condition": "minecraft:random_chance",
              "chance": 0.7
            },
            {
              "condition": "minecraft:entity_properties",
              "entity": "this",
              "predicate": {
                "type_specific": {
                  "type": "minecraft:parrot",
                  "variant": "green"
                }
              }
            },
              {
                "condition": "minecraft:entity_scores",
                "entity": "this",
                "scores": {
                  "head_drops.mob_heads": 2
                }
              },
              {
                "condition": "minecraft:killed_by_player"
              }
          ]
        }
      ]
    },
    {
      "rolls": 1,
      "entries": [
        {
          "type": "minecraft:item",
          "name": "minecraft:player_head",
          "weight": 1,
          "functions": [
            {
              "function": "minecraft:set_count",
              "count": 1
            },
            {
              "function": "minecraft:set_components",
              "components": {
                "minecraft:profile": {
                  "id": [
                    972286240,
                    1450332040,
                    -1723774681,
                    3214066
                  ],
                  "properties": [
                    {
                      "name": "textures",
                      "value": "eyJ0ZXh0dXJlcyI6eyJTS0lOIjp7InVybCI6Imh0dHA6Ly90ZXh0dXJlcy5taW5lY3JhZnQubmV0L3RleHR1cmUvMjBlMDNiMTBjMTVlZTU2MDE0MjM4NjdkZmI4YmNiY2JjOTE5Y2E5NmMwZWVhNjMwNzNlYzhlNzk1ZWFiZDA1ZiJ9fX0="
                    }
                  ]
                }
              }
            },
            {
              "function": "minecraft:set_name",
              "name": {
                "translate": "entity.minecraft.parrot",
                "color": "aqua",
                "italic": false,
                "extra": [
                  {
                    "text": " Head (Blue)"
                  }
                ]
              }
            },
            {
            "function": "minecraft:set_components",
            "components": {
            "minecraft:note_block_sound": "minecraft:entity.parrot.ambient"
            }
            }
          ],
          "conditions": [
            {
              "condition": "minecraft:random_chance",
              "chance": 0.7
            },
            {
              "condition": "minecraft:entity_properties",
              "entity": "this",
              "predicate": {
                "type_specific": {
                  "type": "minecraft:parrot",
                  "variant": "blue"
                }
              }
            },
              {
                "condition": "minecraft:entity_scores",
                "entity": "this",
                "scores": {
                  "head_drops.mob_heads": 2
                }
              },
              {
                "condition": "minecraft:killed_by_player"
              }
          ]
        }
      ]
    },
    {
      "rolls": 1,
      "entries": [
        {
          "type": "minecraft:item",
          "name": "minecraft:player_head",
          "weight": 1,
          "functions": [
            {
              "function": "minecraft:set_count",
              "count": 1
            },
            {
              "function": "minecraft:set_components",
              "components": {
                "minecraft:profile": {
                  "id": [
                    -1989585566,
                    -378125309,
                    -1958902943,
                    -1670221508
                  ],
                  "properties": [
                    {
                      "name": "textures",
                      "value": "eyJ0ZXh0dXJlcyI6eyJTS0lOIjp7InVybCI6Imh0dHA6Ly90ZXh0dXJlcy5taW5lY3JhZnQubmV0L3RleHR1cmUvYTNjMzQ3MjJhYzY0NDk2YzliODRkMGM1NDAxOWRhYWU2MTg1ZDYwOTQ5OTAxMzNhZDY4MTBlZWEzZDI0MDY3YSJ9fX0="
                    }
                  ]
                }
              }
            },
            {
              "function": "minecraft:set_name",
              "name": {
                "translate": "entity.minecraft.parrot",
                "color": "aqua",
                "italic": false,
                "extra": [
                  {
                    "text": " Head (Gray)"
                  }
                ]
              }
            },
            {
            "function": "minecraft:set_components",
            "components": {
            "minecraft:note_block_sound": "minecraft:entity.parrot.ambient"
            }
            }
          ],
          "conditions": [
            {
              "condition": "minecraft:random_chance",
              "chance": 0.7
            },
            {
              "condition": "minecraft:entity_properties",
              "entity": "this",
              "predicate": {
                "type_specific": {
                  "type": "minecraft:parrot",
                  "variant": "gray"
                }
              }
            },
              {
                "condition": "minecraft:entity_scores",
                "entity": "this",
                "scores": {
                  "head_drops.mob_heads": 2
                }
              },
              {
                "condition": "minecraft:killed_by_player"
              }
          ]
        }
      ]
    },
    {
      "rolls": 1,
      "entries": [
        {
          "type": "minecraft:item",
          "name": "minecraft:player_head",
          "weight": 1,
          "functions": [
            {
              "function": "minecraft:set_count",
              "count": 1
            },
            {
              "function": "minecraft:set_components",
              "components": {
                "minecraft:profile": {
                  "id": [
                    -1296310145,
                    338054733,
                    -2042181906,
                    -371061496
                  ],
                  "properties": [
                    {
                      "name": "textures",
                      "value": "eyJ0ZXh0dXJlcyI6eyJTS0lOIjp7InVybCI6Imh0dHA6Ly90ZXh0dXJlcy5taW5lY3JhZnQubmV0L3RleHR1cmUvNWQxYTE2OGJjNzJjYjMxNGY3Yzg2ZmVlZjlkOWJjNzYxMjM2NTI0NGNlNjdmMGExMDRmY2UwNDIwMzQzMGMxZCJ9fX0="
                    }
                  ]
                }
              }
            },
            {
              "function": "minecraft:set_name",
              "name": {
                "translate": "entity.minecraft.parrot",
                "color": "aqua",
                "italic": false,
                "extra": [
                  {
                    "text": " Head (Red)"
                  }
                ]
              }
            },
            {
            "function": "minecraft:set_components",
            "components": {
            "minecraft:note_block_sound": "minecraft:entity.parrot.ambient"
            }
            }
          ],
          "conditions": [
            {
              "condition": "minecraft:random_chance",
              "chance": 0.7
            },
            {
              "condition": "minecraft:entity_properties",
              "entity": "this",
              "predicate": {
                "type_specific": {
                  "type": "minecraft:parrot",
                  "variant": "red_blue"
                }
              }
            },
              {
                "condition": "minecraft:entity_scores",
                "entity": "this",
                "scores": {
                  "head_drops.mob_heads": 2
                }
              },
              {
                "condition": "minecraft:killed_by_player"
              }
          ]
        }
      ]
    },
    {
      "rolls": 1,
      "entries": [
        {
          "type": "minecraft:item",
          "name": "minecraft:player_head",
          "weight": 1,
          "functions": [
            {
              "function": "minecraft:set_count",
              "count": 1
            },
            {
              "function": "minecraft:set_components",
              "components": {
                "minecraft:profile": {
                  "id": [
                    1435037557,
                    1914717286,
                    -1711661334,
                    1259399168
                  ],
                  "properties": [
                    {
                      "name": "textures",
                      "value": "eyJ0ZXh0dXJlcyI6eyJTS0lOIjp7InVybCI6Imh0dHA6Ly90ZXh0dXJlcy5taW5lY3JhZnQubmV0L3RleHR1cmUvYmM2NDcxZjIzNTQ3YjJkYmRmNjAzNDdlYTEyOGY4ZWIyYmFhNmE3OWIwNDAxNzI0ZjIzYmQ0ZTI1NjRhMmI2MSJ9fX0="
                    }
                  ]
                }
              }
            },
            {
              "function": "minecraft:set_name",
              "name": {
                "translate": "entity.minecraft.parrot",
                "color": "aqua",
                "italic": false,
                "extra": [
                  {
                    "text": " Head (Cyan)"
                  }
                ]
              }
            },
            {
            "function": "minecraft:set_components",
            "components": {
            "minecraft:note_block_sound": "minecraft:entity.parrot.ambient"
            }
            }
          ],
          "conditions": [
            {
              "condition": "minecraft:random_chance",
              "chance": 0.7
            },
            {
              "condition": "minecraft:entity_properties",
              "entity": "this",
              "predicate": {
                "type_specific": {
                  "type": "minecraft:parrot",
                  "variant": "yellow_blue"
                }
              }
            },
              {
                "condition": "minecraft:entity_scores",
                "entity": "this",
                "scores": {
                  "head_drops.mob_heads": 2
                }
              },
              {
                "condition": "minecraft:killed_by_player"
              }
          ]
        }
      ]
    }
  ],
  "random_sequence": "minecraft:entities/parrot"
}