{
  "type": "minecraft:entity",
  "pools": [
    {
      "bonus_rolls": 0.0,
      "entries": [
        {
          "type": "minecraft:item",
          "functions": [
            {
              "add": false,
              "count": {
                "type": "minecraft:uniform",
                "max": 2.0,
                "min": 0.0
              },
              "function": "minecraft:set_count"
            },
            {
              "count": {
                "type": "minecraft:uniform",
                "max": 1.0,
                "min": 0.0
              },
              "enchantment": "minecraft:looting",
              "function": "minecraft:enchanted_count_increase"
            }
          ],
          "name": "minecraft:bone"
        }
      ],
      "rolls": 1.0
    },
    {
      "rolls": 1,
      "entries": [
        {
          "type": "minecraft:item",
          "name": "minecraft:player_head",
          "weight": 1,
          "functions": [
            {
              "function": "minecraft:set_count",
              "count": 1
            },
            {
              "function": "minecraft:set_components",
              "components": {
                "minecraft:profile": {
                  "id": [
                    -1128471105,
                    -2033955230,
                    -1614476087,
                    233393005
                  ],
                  "properties": [
                    {
                      "name": "textures",
                      "value": "eyJ0ZXh0dXJlcyI6eyJTS0lOIjp7InVybCI6Imh0dHA6Ly90ZXh0dXJlcy5taW5lY3JhZnQubmV0L3RleHR1cmUvNDdlZmZjZTM1MTMyYzg2ZmY3MmJjYWU3N2RmYmIxZDIyNTg3ZTk0ZGYzY2JjMjU3MGVkMTdjZjg5NzNhIn19fQ=="
                    }
                  ]
                }
              }
            },
            {
              "function": "minecraft:set_name",
              "name": {
                "translate": "entity.minecraft.skeleton_horse",
                "color": "yellow",
                "italic": false,
                "extra": [
                  {
                    "text": " Skull"
                  }
                ]
              }
            },
            {
            "function": "minecraft:set_components",
            "components": {
            "minecraft:note_block_sound": "minecraft:entity.skeleton_horse.ambient"
            }
            }
          ],
          "conditions": [
            {
              "condition": "minecraft:random_chance",
              "chance": 0.3
            },
            {
              "condition": "minecraft:entity_scores",
              "entity": "this",
              "scores": {
                "head_drops.mob_heads": 1
              }
            }
          ]
        }
      ]
    },
    {
      "rolls": 1,
      "entries": [
        {
          "type": "minecraft:item",
          "name": "minecraft:player_head",
          "weight": 1,
          "functions": [
            {
              "function": "minecraft:set_count",
              "count": 1
            },
            {
              "function": "minecraft:set_components",
              "components": {
                "minecraft:profile": {
                  "id": [
                    -1128471105,
                    -2033955230,
                    -1614476087,
                    233393005
                  ],
                  "properties": [
                    {
                      "name": "textures",
                      "value": "eyJ0ZXh0dXJlcyI6eyJTS0lOIjp7InVybCI6Imh0dHA6Ly90ZXh0dXJlcy5taW5lY3JhZnQubmV0L3RleHR1cmUvNDdlZmZjZTM1MTMyYzg2ZmY3MmJjYWU3N2RmYmIxZDIyNTg3ZTk0ZGYzY2JjMjU3MGVkMTdjZjg5NzNhIn19fQ=="
                    }
                  ]
                }
              }
            },
            {
              "function": "minecraft:set_name",
              "name": {
                "translate": "entity.minecraft.skeleton_horse",
                "color": "yellow",
                "italic": false,
                "extra": [
                  {
                    "text": " Skull"
                  }
                ]
              }
            },
            {
            "function": "minecraft:set_components",
            "components": {
            "minecraft:note_block_sound": "minecraft:entity.skeleton_horse.ambient"
            }
            }
          ],
          "conditions": [
            {
              "condition": "minecraft:random_chance",
              "chance": 0.3
            },
              {
                "condition": "minecraft:entity_scores",
                "entity": "this",
                "scores": {
                  "head_drops.mob_heads": 2
                }
              },
              {
                "condition": "minecraft:killed_by_player"
              }
          ]
        }
      ]
    }
  ],
  "random_sequence": "minecraft:entities/skeleton_horse"
}