{
	"display": {
		"icon": {
			"id": "minecraft:firework_rocket"
		},
		"title": {"translate":"Ad Astra"},
		"description": {"color":"#FF2A2A","translate":"Reach an altitude of 10,000 blocks above the world"},
		"announce_to_chat": true,
		"frame": "challenge"
	},
	"parent": "blazeandcave:challenges/root",
	"rewards": {
		"function": "bc_rewards:challenges/ad_astra"
	},		
	"criteria": {
		"world_height": {
			"trigger": "minecraft:location",
			"conditions": {
				"player": [
					{
						"condition": "minecraft:entity_properties",
						"entity": "this",
						"predicate": {
							"location": {
								"position": {
									"y": {
										"min": 10000.0
									}
								}
							}
						}
					},
					{
						"condition": "minecraft:inverted",
						"term": {
							"condition": "minecraft:entity_properties",
							"entity": "this",
							"predicate": {
								"type_specific": {
									"type": "player",
									"gamemode": ["spectator"]
								}
							}
						}
					}
				]
			}
		}	
	}
}