{
	"display": {
		"icon": {
			"id": "minecraft:heart_of_the_sea"
		},
		"title": {"translate":"Hearts of the Stack"},
		"description": {"color":"#FF2A2A","translate":"Collect 64 Hearts of the Sea"},
		"announce_to_chat": true,
		"frame": "challenge"
	},
	"parent": "blazeandcave:challenges/warlock",
	"rewards": {
		"function": "bc_rewards:challenges/hearts_of_the_stack"
	},		
	"criteria": {
		"heart_of_the_sea": {
			"trigger": "minecraft:inventory_changed",
			"conditions": {
				"items": [
					{
						"items": [
							"minecraft:heart_of_the_sea"
						],
						"count": 64
					}
				]
			}
		}
	}
}