{
    "display": {
      "icon": {
        "id": "minecraft:zombie_head"
      },
      "title": "Mob Heads                                                                                                                  ",
      "description": [
        "",
        {
            "text": "Mobs can drop their head on death!\n",
            "color": "white"
        },
        {
            "text": "\n",
            "color": "yellow"
        },
        {
            "text": "/trigger",
            "color": "yellow"
        },
        {
            "text": " help.armadillodropsscute\n",
            "color": "yellow"
        },
        {
            "text": "for help\n",
            "color": "white"
        },
        {
            "text": "\n",
            "color": "green"
        },
        {
            "text": "Datapack version: ",
            "color": "dark_green"
        },
        {
            "text": "v.3.0.2",
            "color": "green"
        },
        {
            "text": "\n",
            "color": "green"
        },
        {
            "text": "Game version: ",
            "color": "dark_green"
        },
        {
            "text": "1.21",
            "color": "green"
        },
        {
            "text": "\n",
            "color": "green"
        },
        {
            "text": "\n",
            "color": "green"
        },
        {
            "text": "modrinth.com/datapack/mob-heads",
            "color": "dark_purple"
        }
    ],
      "frame": "task",
      "show_toast": false,
      "announce_to_chat": false
  },
  "parent": "jodek:mobs",
  "criteria": {
      "tick": {
          "trigger": "minecraft:tick"
      }
  }
}
