{
	"display": {
		"icon": {
			"id": "minecraft:mangrove_fence"
		},
		"title": {"translate":"Animal Kingdom"},
		"description": {"color":"dark_purple","translate":"Bring one of every type of animal to one place (have them all within 32 blocks of you)"},
		"announce_to_chat": true,
		"frame": "challenge"
	},
	"parent": "minecraft:husbandry/bred_all_animals",
	"rewards": {
		"function": "bc_rewards:animal/animal_kingdom"
	},		
	"criteria": {
		"animal_kingdom": {
			"trigger": "minecraft:impossible"
		}
	}
}