{
	"display": {
		"icon": {
			"id": "minecraft:glow_item_frame"
		},
		"title": {"translate":"Flashy Items"},
		"description": {"color":"green","translate":"Put an item up for display in a Glowing Item Frame"},
		"announce_to_chat": true
	},
	"parent": "minecraft:husbandry/make_a_sign_glow",
	"rewards": {
		"function": "bc_rewards:animal/flashy_items"
	},		
	"criteria": {
		"glow_item_frame": {
			"trigger": "minecraft:player_interacted_with_entity",
			"conditions": {
				"entity": [
					{
						"condition": "minecraft:entity_properties",
						"entity": "this",
						"predicate": {
							"type": "minecraft:glow_item_frame"
						}
					}
				]
			}
		}
	}	
}