{
	"display": {
		"icon": {
			"id": "minecraft:bundle",
			"components": {
				"minecraft:bundle_contents": [
					{
						"id": "minecraft:bundle"
					}
				]
			}
		},
		"title": {"translate":"Fractal"},
		"description": {"color":"light_purple","translate":"Put a Bundle in a Bundle in a Bundle in a Bundle in a Bundle… 16 layers deep"},
		"announce_to_chat": true,
		"frame": "challenge",
		"hidden": true
	},
	"parent": "blazeandcave:animal/humble_bundle",
	"rewards": {
		"function": "bc_rewards:animal/fractal"
	},		
	"criteria": {
		"bundle": {
			"trigger": "minecraft:impossible",
			"conditions": {
				"items": [
					{
						"items": [
							"minecraft:bundle"
						],
						"components": [
							{
								"id":"minecraft:bundle",
								"components":
									{
										"minecraft:bundle_contents": [
											{
												"id":"minecraft:bundle",
												"components":
													{
														"minecraft:bundle_contents": [
															{
																"id":"minecraft:bundle",
																"components":
																	{
																		"minecraft:bundle_contents": [
																			{
																				"id":"minecraft:bundle",
																				"components":
																					{
																						"minecraft:bundle_contents": [
																							{
																								"id":"minecraft:bundle",
																								"components":
																									{
																										"minecraft:bundle_contents": [
																											{
																												"id":"minecraft:bundle",
																												"components":
																													{
																														"minecraft:bundle_contents": [
																															{
																																"id":"minecraft:bundle",
																																"components":
																																	{
																																		"minecraft:bundle_contents": [
																																			{
																																				"id":"minecraft:bundle",
																																				"components":
																																					{
																																						"minecraft:bundle_contents": [
																																							{
																																								"id":"minecraft:bundle",
																																								"components":
																																									{
																																										"minecraft:bundle_contents": [
																																											{
																																												"id":"minecraft:bundle",
																																												"components":
																																													{
																																														"minecraft:bundle_contents": [
																																															{
																																																"id":"minecraft:bundle",
																																																"components":
																																																	{
																																																		"minecraft:bundle_contents": [
																																																			{
																																																				"id":"minecraft:bundle",
																																																				"components":
																																																					{
																																																						"minecraft:bundle_contents": [
																																																							{
																																																								"id":"minecraft:bundle",
																																																								"components":
																																																									{
																																																										"minecraft:bundle_contents": [
																																																											{
																																																												"id":"minecraft:bundle",
																																																												"components":
																																																													{
																																																														"minecraft:bundle_contents": [
																																																															{
																																																																"id":"minecraft:bundle",
																																																																"components":
																																																																	{
																																																																		"minecraft:bundle_contents": [
																																																																			{
																																																																				"id":"minecraft:bundle"
																																																																			}
																																																																		]
																																																																	}
																																																																}
																																																															]
																																																														}
																																																													}
																																																												]
																																																											}
																																																										}
																																																									]
																																																								}
																																																							}
																																																						]
																																																					}
																																																				}
																																																			]
																																																		}
																																																	}
																																																]
																																															}
																																														}
																																													]
																																												}
																																											}
																																										]
																																									}
																																								}
																																							]
																																						}
																																					}
																																				]
																																			}
																																		}
																																	]
																																}
																															}
																														]
																													}
																												}
																											]
																										}
																									}
																								]
																							}
																						}
																					]
					}
				]
			}
		}
	}
}