{
	"display": {
		"icon": {
			"id": "minecraft:bowl"
		},
		"title": {"translate":"Just Keeps Going"},
		"description": {"color":"dark_purple","translate":"Eat Rabbit Stew, then avoid eating for the next 3 in-game days","extra":[{"text":"\n\n"},{"italic":true,"color":"dark_gray","translate":"To view progress, run:"},{"color":"gray","text":"\n/trigger bac_timers"}]},
		"announce_to_chat": true,
		"frame": "challenge"
	},
	"parent": "blazeandcave:animal/going_down_the_rabbit_hole",
	"rewards": {
		"function": "bc_rewards:animal/just_keeps_going"
	},		
	"criteria": {
		"just_keeps_going": {
			"trigger": "minecraft:impossible"
		}
	}
}