{
	"display": {
		"icon": {
			"id": "minecraft:trident"
		},
		"title": {"translate":"Mushroom Scientist"},
		"description": {"color":"dark_purple","translate":"Strike a mooshroom with lightning and see what happens"},
		"announce_to_chat": true,
		"frame": "challenge"
	},
	"parent": "blazeandcave:animal/milkshroom",
	"rewards": {
		"function": "bc_rewards:animal/mushroom_scientist"
	},
	"criteria": {
		"struck_villager": {
			"trigger": "minecraft:channeled_lightning",
			"conditions": {
				"victims": [
						{
						"type": "minecraft:mooshroom"
					}
				]
			}
		}
	}
}