{
	"display": {
		"icon": {
			"id": "minecraft:bamboo"
		},
		"title": {"translate":"Bamboozled"},
		"description": {"color":"#75E1FF","translate":"Craft every item made out of bamboo wood"},
		"announce_to_chat": true,
		"frame": "goal"
	},
	"parent": "blazeandcave:building/the_jungler",
	"rewards": {
		"function": "bc_rewards:building/bamboozled"
	},		
	"criteria": {
		"bamboo_planks": {
			"trigger": "minecraft:inventory_changed",
			"conditions": {
				"items": [
					{
						"items": [
							"minecraft:bamboo_planks"
						]
					}
				]
			}
		},
		"bamboo_mosaic": {
			"trigger": "minecraft:inventory_changed",
			"conditions": {
				"items": [
					{
						"items": [
							"minecraft:bamboo_mosaic"
						]
					}
				]
			}
		},
		"bamboo_block": {
			"trigger": "minecraft:inventory_changed",
			"conditions": {
				"items": [
					{
						"items": [
							"minecraft:bamboo_block"
						]
					}
				]
			}
		},
		"stripped_bamboo_block": {
			"trigger": "minecraft:inventory_changed",
			"conditions": {
				"items": [
					{
						"items": [
							"minecraft:stripped_bamboo_block"
						]
					}
				]
			}
		},
		"bamboo_slab": {
			"trigger": "minecraft:inventory_changed",
			"conditions": {
				"items": [
					{
						"items": [
							"minecraft:bamboo_slab"
						]
					}
				]
			}
		},
		"bamboo_mosaic_slab": {
			"trigger": "minecraft:inventory_changed",
			"conditions": {
				"items": [
					{
						"items": [
							"minecraft:bamboo_mosaic_slab"
						]
					}
				]
			}
		},
		"bamboo_pressure_plate": {
			"trigger": "minecraft:inventory_changed",
			"conditions": {
				"items": [
					{
						"items": [
							"minecraft:bamboo_pressure_plate"
						]
					}
				]
			}
		},
		"bamboo_fence": {
			"trigger": "minecraft:inventory_changed",
			"conditions": {
				"items": [
					{
						"items": [
							"minecraft:bamboo_fence"
						]
					}
				]
			}
		},
		"bamboo_trapdoor": {
			"trigger": "minecraft:inventory_changed",
			"conditions": {
				"items": [
					{
						"items": [
							"minecraft:bamboo_trapdoor"
						]
					}
				]
			}
		},
		"bamboo_fence_gate": {
			"trigger": "minecraft:inventory_changed",
			"conditions": {
				"items": [
					{
						"items": [
							"minecraft:bamboo_fence_gate"
						]
					}
				]
			}
		},
		"bamboo_stairs": {
			"trigger": "minecraft:inventory_changed",
			"conditions": {
				"items": [
					{
						"items": [
							"minecraft:bamboo_stairs"
						]
					}
				]
			}
		},
		"bamboo_mosaic_stairs": {
			"trigger": "minecraft:inventory_changed",
			"conditions": {
				"items": [
					{
						"items": [
							"minecraft:bamboo_mosaic_stairs"
						]
					}
				]
			}
		},
		"bamboo_button": {
			"trigger": "minecraft:inventory_changed",
			"conditions": {
				"items": [
					{
						"items": [
							"minecraft:bamboo_button"
						]
					}
				]
			}
		},
		"bamboo_door": {
			"trigger": "minecraft:inventory_changed",
			"conditions": {
				"items": [
					{
						"items": [
							"minecraft:bamboo_door"
						]
					}
				]
			}
		},
		"bamboo_raft": {
			"trigger": "minecraft:inventory_changed",
			"conditions": {
				"items": [
					{
						"items": [
							"minecraft:bamboo_raft"
						]
					}
				]
			}
		},
		"bamboo_chest_raft": {
			"trigger": "minecraft:inventory_changed",
			"conditions": {
				"items": [
					{
						"items": [
							"minecraft:bamboo_chest_raft"
						]
					}
				]
			}
		},
		"bamboo_sign": {
			"trigger": "minecraft:inventory_changed",
			"conditions": {
				"items": [
					{
						"items": [
							"minecraft:bamboo_sign"
						]
					}
				]
			}
		},
		"bamboo_hanging_sign": {
			"trigger": "minecraft:inventory_changed",
			"conditions": {
				"items": [
					{
						"items": [
							"minecraft:bamboo_hanging_sign"
						]
					}
				]
			}
		}
	}
}