{
	"display": {
		"icon": {
			"id": "minecraft:copper_bulb"
		},
		"title": {"translate":"Bulbous!"},
		"description": {"color":"green","translate":"Light up the area with a Copper Bulb!"},
		"announce_to_chat": true
	},
	"parent": "blazeandcave:building/electric",
	"rewards": {
		"function": "bc_rewards:building/bulbous"
	},		
	"criteria": {
		"copper_bulb": {
			"trigger": "minecraft:placed_block",
			"conditions": {
				"location": [
					{
						"condition": "minecraft:location_check",
						"predicate": {
							"block": {
								"blocks": [
									"minecraft:copper_bulb",
									"minecraft:exposed_copper_bulb",
									"minecraft:weathered_copper_bulb",
									"minecraft:oxidized_copper_bulb",
									"minecraft:waxed_copper_bulb",
									"minecraft:waxed_exposed_copper_bulb",
									"minecraft:waxed_weathered_copper_bulb",
									"minecraft:waxed_oxidized_copper_bulb"
								]
							}
						}
					}
				]
			}
		}
	}
}