{
	"display": {
		"icon": {
			"id": "minecraft:loom"
		},
		"title": {"translate":"Prepare to meet your Loom!"},
		"description": {"color":"green","translate":"Craft a loom with string and planks for creating your own banners"},
		"announce_to_chat": true
	},
	"parent": "blazeandcave:building/raise_the_flag",
	"rewards": {
		"function": "bc_rewards:building/prepare_to_meet_your_loom"
	},		
	"criteria": {
		"loom": {
			"trigger": "minecraft:inventory_changed",
			"conditions": {
				"items": [
					{
						"items": [
							"minecraft:loom"
						]
					}
				]
			}
		}
	}
}