{
	"display": {
		"icon": {
			"id": "minecraft:honeycomb"
		},
		"title": {"translate":"Sign Off"},
		"description": {"color":"green","translate":"Use honeycomb to wax a sign, setting its ink for eternity"},
		"announce_to_chat": true
	},
	"parent": "blazeandcave:building/hanging_around",
	"rewards": {
		"function": "bc_rewards:building/sign_off"
	},		
	"criteria": {
		"honeycomb": {
			"trigger": "minecraft:item_used_on_block",
			"conditions": {
				"location": [
					{
						"condition": "minecraft:location_check",
						"predicate": {
							"block": {
								"blocks": "#minecraft:all_signs"
							}
						}
					},
					{
						"condition": "minecraft:match_tool",
						"predicate": {
							"items": [
								"minecraft:honeycomb"
							]
						}
					}
				]
			}
		}
	}	
}