{
  "display": {
    "icon": {
      "id": "minecraft:zombie_head"
    },
    "title": "Mob Heads Collection                                                          ",
    "description": [
      "",
      {
          "text": "Your collection of mob heads",
          "color": "white"
      }
  ],
    "background": "minecraft:textures/block/flowering_azalea_leaves.png",
    "frame": "challenge",
    "show_toast": false,
    "announce_to_chat": false
  },
  "criteria": {
      "tick": {
          "trigger": "minecraft:tick"
      }
  }
}
