{
  "type": "minecraft:entity",
  "pools": [
    {
      "bonus_rolls": 0.0,
      "entries": [
        {
          "type": "minecraft:item",
          "name": "minecraft:lime_wool"
        }
      ],
      "rolls": 1.0
    },
    {
      "bonus_rolls": 0.0,
      "entries": [
        {
          "type": "minecraft:loot_table",
          "value": "minecraft:entities/sheep"
        }
      ],
      "rolls": 1.0
    },
    {
      "rolls": 1,
      "entries": [
        {
          "type": "minecraft:item",
          "name": "minecraft:player_head",
          "weight": 1,
          "functions": [
            {
              "function": "minecraft:set_count",
              "count": 1
            },
            {
              "function": "minecraft:set_components",
              "components": {
                "minecraft:profile": {
                  "id": [
                    423063002,
                    -729199048,
                    -1119994137,
                    1830077343
                  ],
                  "properties": [
                    {
                      "name": "textures",
                      "value": "eyJ0ZXh0dXJlcyI6eyJTS0lOIjp7InVybCI6Imh0dHA6Ly90ZXh0dXJlcy5taW5lY3JhZnQubmV0L3RleHR1cmUvMWNlNDA5MGUxYmNjZjk5MmIzNmRlZjc0YTZkN2QzOTcyYzE3ZGIxYjc1NTU0ZTJjNTA5MjcxNjgwYjhlNzk3NCJ9fX0="
                    }
                  ]
                }
              }
            },
            {
              "function": "minecraft:set_name",
              "name": {
                "translate": "entity.minecraft.sheep",
                "color": "white",
                "italic": false,
                "extra": [
                  {
                    "text": " Head (Lime)"
                  }
                ]
              }
            },
            {
            "function": "minecraft:set_components",
            "components": {
            "minecraft:note_block_sound": "minecraft:entity.sheep.ambient"
            }
            }
          ],
          "conditions": [
            {
              "condition": "minecraft:random_chance",
              "chance": 0.02
            },
            {
              "condition": "minecraft:entity_scores",
              "entity": "this",
              "scores": {
                "head_drops.mob_heads": 1
              }
            }
          ]
        }
      ]
    },
    {
      "rolls": 1,
      "entries": [
        {
          "type": "minecraft:item",
          "name": "minecraft:player_head",
          "weight": 1,
          "functions": [
            {
              "function": "minecraft:set_count",
              "count": 1
            },
            {
              "function": "minecraft:set_components",
              "components": {
                "minecraft:profile": {
                  "id": [
                    423063002,
                    -729199048,
                    -1119994137,
                    1830077343
                  ],
                  "properties": [
                    {
                      "name": "textures",
                      "value": "eyJ0ZXh0dXJlcyI6eyJTS0lOIjp7InVybCI6Imh0dHA6Ly90ZXh0dXJlcy5taW5lY3JhZnQubmV0L3RleHR1cmUvMWNlNDA5MGUxYmNjZjk5MmIzNmRlZjc0YTZkN2QzOTcyYzE3ZGIxYjc1NTU0ZTJjNTA5MjcxNjgwYjhlNzk3NCJ9fX0="
                    }
                  ]
                }
              }
            },
            {
              "function": "minecraft:set_name",
              "name": {
                "translate": "entity.minecraft.sheep",
                "color": "white",
                "italic": false,
                "extra": [
                  {
                    "text": " Head (Lime)"
                  }
                ]
              }
            },
            {
            "function": "minecraft:set_components",
            "components": {
            "minecraft:note_block_sound": "minecraft:entity.sheep.ambient"
            }
            }
          ],
          "conditions": [
            {
              "condition": "minecraft:random_chance",
              "chance": 0.02
            },
              {
                "condition": "minecraft:entity_scores",
                "entity": "this",
                "scores": {
                  "head_drops.mob_heads": 2
                }
              },
              {
                "condition": "minecraft:killed_by_player"
              }
          ]
        }
      ]
    }
  ],
  "random_sequence": "minecraft:entities/sheep/lime"
}