{
	"display": {
		"icon": {
			"id": "minecraft:eye_armor_trim_smithing_template"
		},
		"title": {"translate":"Genesis of the End"},
		"description": {"color":"#75E1FF","translate":"Find the Eye Smithing Template in a Stronghold"},
		"announce_to_chat": true,
		"frame": "goal"
	},
	"parent": "blazeandcave:adventure/good_lookin_treasure",
	"rewards": {
		"function": "bc_rewards:adventure/genesis_of_the_end"
	},		
	"criteria": {
		"eye_armor_trim_smithing_template": {
			"trigger": "minecraft:inventory_changed",
			"conditions": {
				"items": [
					{
						"items": [
							"minecraft:eye_armor_trim_smithing_template"
						]
					}
				]
			}
		}
	}
}