{
	"display": {
		"icon": {
			"id": "minecraft:chiseled_sandstone"
		},
		"title": {"translate":"Grave Robber"},
		"description": {"color":"green","translate":"Enter a pyramid in a desert"},
		"announce_to_chat": true
	},
	"parent": "blazeandcave:adventure/now_youre_thinking_with_portals",
	"rewards": {
		"function": "bc_rewards:adventure/grave_robber"
	},		
	"criteria": {
		"desert_pyramid": {
			"trigger": "minecraft:location",
			"conditions": {
				"player": [
					{
						"condition": "minecraft:entity_properties",
						"entity": "this",
						"predicate": {
							"location": {
								"structures": "minecraft:desert_pyramid"
							}
						}
					},
					{
						"condition": "minecraft:inverted",
						"term": {
							"condition": "minecraft:entity_properties",
							"entity": "this",
							"predicate": {
								"type_specific": {
									"type": "player",
									"gamemode": ["spectator"]
								}
							}
						}
					}
				]
			}
		}		
	}
}