{
	"display": {
		"icon": {
			"id": "minecraft:name_tag"
		},
		"title": {"translate":"I hereby dub thee..."},
		"description": {"color":"green","translate":"Obtain a name tag"},
		"announce_to_chat": true
	},
	"parent": "minecraft:adventure/root",
	"rewards": {
		"function": "bc_rewards:adventure/i_hereby_dub_thee"
	},		
	"criteria": {
		"name_tag": {
			"trigger": "minecraft:inventory_changed",
			"conditions": {
				"items": [
					{
						"items": [
							"minecraft:name_tag"
						]
					}
				]
			}
		}
	}
}