{
	"display": {
		"icon": {
			"id": "minecraft:saddle"
		},
		"title": {"translate":"It's So Beast-Like!"},
		"description": {"color":"#75E1FF","translate":"Slay a Ravager in a raid"},
		"announce_to_chat": true,
		"frame": "goal"
	},
	"parent": "blazeandcave:adventure/sound_the_alarm",
	"rewards": {
		"function": "bc_rewards:adventure/its_so_beast_like"
	},		
	"criteria": {
		"ravager": {
			"trigger": "minecraft:player_killed_entity",
			"conditions": {
				"entity": {
					"type": "ravager",
					"nbt": "{CanJoinRaid:1b}"
				}
			}
		}
	}
}