{
	"display": {
		"icon": {
			"id": "minecraft:prismarine"
		},
		"title": {"translate":"Monumental"},
		"description": {"color":"green","translate":"Find an Ocean Monument"},
		"announce_to_chat": true
	},
	"parent": "blazeandcave:adventure/treasure_map",
	"rewards": {
		"function": "bc_rewards:adventure/monumental"
	},		
	"criteria": {
		"monument": {
			"trigger": "minecraft:location",
			"conditions": {
				"player": [
					{
						"condition": "minecraft:entity_properties",
						"entity": "this",
						"predicate": {
							"location": {
								"structures": "monument"
							}
						}
					},
					{
						"condition": "minecraft:inverted",
						"term": {
							"condition": "minecraft:entity_properties",
							"entity": "this",
							"predicate": {
								"type_specific": {
									"type": "player",
									"gamemode": ["spectator"]
								}
							}
						}
					}
				]
			}
		}
	}
}