{
	"display": {
		"icon": {
			"id": "minecraft:sponge"
		},
		"title": {"translate":"Sponge Miner"},
		"description": {"color":"#75E1FF","translate":"Collect a stack of sponges from ocean monuments"},
		"announce_to_chat": true,
		"frame": "goal"
	},
	"parent": "blazeandcave:adventure/dry_spell",
	"rewards": {
		"function": "bc_rewards:adventure/sponge_miner"
	},		
	"criteria": {
		"sponge": {
			"trigger": "minecraft:inventory_changed",
			"conditions": {
				"items": [
					{
						"items": [
							"minecraft:sponge"
						],
						"count": 64
					}
				]
			}
		}		
	}	
}