{
	"display": {
		"icon": {
			"id": "minecraft:shield",
			"components": {
				"minecraft:banner_patterns": [
					{
						"color":"red",
						"pattern":"minecraft:rhombus"
					},
					{
						"color":"light_gray",
						"pattern":"minecraft:stripe_bottom"
					},
					{
						"color":"gray",
						"pattern":"minecraft:stripe_center"
					},
					{
						"color":"black",
						"pattern":"minecraft:stripe_middle"
					},
					{
						"color":"light_gray",
						"pattern":"minecraft:border"
					},
					{
						"color":"light_gray",
						"pattern":"minecraft:half_horizontal"
					}
				]
			}
		},
		"title": {"translate":"The Shielding"},
		"description": {"color":"green","translate":"A shield does no better than a locked door"},
		"announce_to_chat": true
	},
	"parent": "blazeandcave:adventure/heres_johnny",
	"rewards": {
		"function": "bc_rewards:adventure/the_shielding"
	},
	"criteria": {
		"deflected_vindicator": {
			"trigger": "minecraft:entity_hurt_player",
			"conditions": {
				"damage": {
					"blocked": true,
					"source_entity": {
						"type": "vindicator"
					}
				}
			}
		}
	}
}