{
	"display": {
		"icon": {
			"id": "minecraft:jungle_leaves"
		},
		"title": {"translate":"The Mighty Jungle"},
		"description": {"color":"green","translate":"Go for a safari in the jungle"},
		"announce_to_chat": true
	},
	"parent": "blazeandcave:biomes/for_you_my_sweet",	
	"rewards": {
		"function": "bc_rewards:biomes/the_mighty_jungle"
	},	
	"criteria": {
		"jungle": {
			"trigger": "minecraft:location",
			"conditions": {
				"player": [
					{
						"condition": "minecraft:entity_properties",
						"entity": "this",
						"predicate": {
							"location": {
								"biomes": [
									"minecraft:jungle",
									"minecraft:sparse_jungle",
									"minecraft:bamboo_jungle"
								]
							}
						}
					},
					{
						"condition": "minecraft:inverted",
						"term": {
							"condition": "minecraft:entity_properties",
							"entity": "this",
							"predicate": {
								"type_specific": {
									"type": "player",
									"gamemode": ["spectator"]
								}
							}
						}
					}
				]
			}
		}
	}
}